antenna_name,part_number,plane,frequency_ghz,angle_deg,avg_rx_gain_dbi,avg_tx_gain_dbi,source
SENCITY FARAD-IV Radar Antenna,1377.99.0744,azimuth,77.0,-70.0,-16.847,-15.090,H+S_1377_99_0744_EN.PDF.PDF
SENCITY FARAD-IV Radar Antenna,1377.99.0744,azimuth,77.0,-69.5,-12.376,-12.024,H+S_1377_99_0744_EN.PDF.PDF
SENCITY FARAD-IV Radar Antenna,1377.99.0744,azimuth,77.0,-69.0,-7.905,-5.686,H+S_1377_99_0744_EN.PDF.PDF
SENCITY FARAD-IV Radar Antenna,1377.99.0744,azimuth,77.0,-68.5,-4.143,-3.355,H+S_1377_99_0744_EN.PDF.PDF
SENCITY FARAD-IV Radar Antenna,1377.99.0744,azimuth,77.0,-68.0,-3.857,-3.017,H+S_1377_99_0744_EN.PDF.PDF
SENCITY FARAD-IV Radar Antenna,1377.99.0744,azimuth,77.0,-67.5,-3.399,-2.732,H+S_1377_99_0744_EN.PDF.PDF
SENCITY FARAD-IV Radar Antenna,1377.99.0744,azimuth,77.0,-67.0,-3.062,-2.567,H+S_1377_99_0744_EN.PDF.PDF
SENCITY FARAD-IV Radar Antenna,1377.99.0744,azimuth,77.0,-66.5,-2.277,-2.523,H+S_1377_99_0744_EN.PDF.PDF
SENCITY FARAD-IV Radar Antenna,1377.99.0744,azimuth,77.0,-66.0,-2.041,-2.523,H+S_1377_99_0744_EN.PDF.PDF
SENCITY FARAD-IV Radar Antenna,1377.99.0744,azimuth,77.0,-65.5,-1.890,-2.523,H+S_1377_99_0744_EN.PDF.PDF
SENCITY FARAD-IV Radar Antenna,1377.99.0744,azimuth,77.0,-65.0,-1.618,-2.523,H+S_1377_99_0744_EN.PDF.PDF
SENCITY FARAD-IV Radar Antenna,1377.99.0744,azimuth,77.0,-64.5,-1.334,-2.469,H+S_1377_99_0744_EN.PDF.PDF
SENCITY FARAD-IV Radar Antenna,1377.99.0744,azimuth,77.0,-64.0,-1.125,-2.341,H+S_1377_99_0744_EN.PDF.PDF
SENCITY FARAD-IV Radar Antenna,1377.99.0744,azimuth,77.0,-63.5,-0.958,-2.174,H+S_1377_99_0744_EN.PDF.PDF
SENCITY FARAD-IV Radar Antenna,1377.99.0744,azimuth,77.0,-63.0,-0.856,-1.964,H+S_1377_99_0744_EN.PDF.PDF
SENCITY FARAD-IV Radar Antenna,1377.99.0744,azimuth,77.0,-62.5,-0.766,-1.708,H+S_1377_99_0744_EN.PDF.PDF
SENCITY FARAD-IV Radar Antenna,1377.99.0744,azimuth,77.0,-62.0,-0.642,-1.408,H+S_1377_99_0744_EN.PDF.PDF
SENCITY FARAD-IV Radar Antenna,1377.99.0744,azimuth,77.0,-61.5,-0.450,-1.107,H+S_1377_99_0744_EN.PDF.PDF
SENCITY FARAD-IV Radar Antenna,1377.99.0744,azimuth,77.0,-61.0,-0.221,-0.807,H+S_1377_99_0744_EN.PDF.PDF
SENCITY FARAD-IV Radar Antenna,1377.99.0744,azimuth,77.0,-60.5,-0.056,-0.551,H+S_1377_99_0744_EN.PDF.PDF
SENCITY FARAD-IV Radar Antenna,1377.99.0744,azimuth,77.0,-60.0,0.154,-0.373,H+S_1377_99_0744_EN.PDF.PDF
SENCITY FARAD-IV Radar Antenna,1377.99.0744,azimuth,77.0,-59.5,0.230,-0.180,H+S_1377_99_0744_EN.PDF.PDF
SENCITY FARAD-IV Radar Antenna,1377.99.0744,azimuth,77.0,-59.0,0.378,-0.090,H+S_1377_99_0744_EN.PDF.PDF
SENCITY FARAD-IV Radar Antenna,1377.99.0744,azimuth,77.0,-58.5,0.460,0.000,H+S_1377_99_0744_EN.PDF.PDF
SENCITY FARAD-IV Radar Antenna,1377.99.0744,azimuth,77.0,-58.0,0.636,0.003,H+S_1377_99_0744_EN.PDF.PDF
SENCITY FARAD-IV Radar Antenna,1377.99.0744,azimuth,77.0,-57.5,0.801,0.130,H+S_1377_99_0744_EN.PDF.PDF
SENCITY FARAD-IV Radar Antenna,1377.99.0744,azimuth,77.0,-57.0,1.069,0.246,H+S_1377_99_0744_EN.PDF.PDF
SENCITY FARAD-IV Radar Antenna,1377.99.0744,azimuth,77.0,-56.5,1.312,0.437,H+S_1377_99_0744_EN.PDF.PDF
SENCITY FARAD-IV Radar Antenna,1377.99.0744,azimuth,77.0,-56.0,1.568,0.712,H+S_1377_99_0744_EN.PDF.PDF
SENCITY FARAD-IV Radar Antenna,1377.99.0744,azimuth,77.0,-55.5,1.823,0.978,H+S_1377_99_0744_EN.PDF.PDF
SENCITY FARAD-IV Radar Antenna,1377.99.0744,azimuth,77.0,-55.0,2.079,1.313,H+S_1377_99_0744_EN.PDF.PDF
SENCITY FARAD-IV Radar Antenna,1377.99.0744,azimuth,77.0,-54.5,2.334,1.609,H+S_1377_99_0744_EN.PDF.PDF
SENCITY FARAD-IV Radar Antenna,1377.99.0744,azimuth,77.0,-54.0,2.589,1.914,H+S_1377_99_0744_EN.PDF.PDF
SENCITY FARAD-IV Radar Antenna,1377.99.0744,azimuth,77.0,-53.5,2.845,2.285,H+S_1377_99_0744_EN.PDF.PDF
SENCITY FARAD-IV Radar Antenna,1377.99.0744,azimuth,77.0,-53.0,2.922,2.642,H+S_1377_99_0744_EN.PDF.PDF
SENCITY FARAD-IV Radar Antenna,1377.99.0744,azimuth,77.0,-52.5,2.969,2.995,H+S_1377_99_0744_EN.PDF.PDF
SENCITY FARAD-IV Radar Antenna,1377.99.0744,azimuth,77.0,-52.0,3.015,3.214,H+S_1377_99_0744_EN.PDF.PDF
SENCITY FARAD-IV Radar Antenna,1377.99.0744,azimuth,77.0,-51.5,3.062,3.551,H+S_1377_99_0744_EN.PDF.PDF
SENCITY FARAD-IV Radar Antenna,1377.99.0744,azimuth,77.0,-51.0,3.232,3.683,H+S_1377_99_0744_EN.PDF.PDF
SENCITY FARAD-IV Radar Antenna,1377.99.0744,azimuth,77.0,-50.5,3.637,3.765,H+S_1377_99_0744_EN.PDF.PDF
SENCITY FARAD-IV Radar Antenna,1377.99.0744,azimuth,77.0,-50.0,4.273,3.803,H+S_1377_99_0744_EN.PDF.PDF
SENCITY FARAD-IV Radar Antenna,1377.99.0744,azimuth,77.0,-49.5,4.393,3.931,H+S_1377_99_0744_EN.PDF.PDF
SENCITY FARAD-IV Radar Antenna,1377.99.0744,azimuth,77.0,-49.0,4.608,4.108,H+S_1377_99_0744_EN.PDF.PDF
SENCITY FARAD-IV Radar Antenna,1377.99.0744,azimuth,77.0,-48.5,4.862,4.319,H+S_1377_99_0744_EN.PDF.PDF
SENCITY FARAD-IV Radar Antenna,1377.99.0744,azimuth,77.0,-48.0,5.160,4.574,H+S_1377_99_0744_EN.PDF.PDF
SENCITY FARAD-IV Radar Antenna,1377.99.0744,azimuth,77.0,-47.5,5.425,4.875,H+S_1377_99_0744_EN.PDF.PDF
SENCITY FARAD-IV Radar Antenna,1377.99.0744,azimuth,77.0,-47.0,5.612,5.240,H+S_1377_99_0744_EN.PDF.PDF
SENCITY FARAD-IV Radar Antenna,1377.99.0744,azimuth,77.0,-46.5,5.663,5.611,H+S_1377_99_0744_EN.PDF.PDF
SENCITY FARAD-IV Radar Antenna,1377.99.0744,azimuth,77.0,-46.0,5.714,5.956,H+S_1377_99_0744_EN.PDF.PDF
SENCITY FARAD-IV Radar Antenna,1377.99.0744,azimuth,77.0,-45.5,5.765,6.257,H+S_1377_99_0744_EN.PDF.PDF
SENCITY FARAD-IV Radar Antenna,1377.99.0744,azimuth,77.0,-45.0,6.007,6.512,H+S_1377_99_0744_EN.PDF.PDF
SENCITY FARAD-IV Radar Antenna,1377.99.0744,azimuth,77.0,-44.5,6.199,6.678,H+S_1377_99_0744_EN.PDF.PDF
SENCITY FARAD-IV Radar Antenna,1377.99.0744,azimuth,77.0,-44.0,6.372,6.822,H+S_1377_99_0744_EN.PDF.PDF
SENCITY FARAD-IV Radar Antenna,1377.99.0744,azimuth,77.0,-43.5,6.500,6.937,H+S_1377_99_0744_EN.PDF.PDF
SENCITY FARAD-IV Radar Antenna,1377.99.0744,azimuth,77.0,-43.0,6.882,6.982,H+S_1377_99_0744_EN.PDF.PDF
SENCITY FARAD-IV Radar Antenna,1377.99.0744,azimuth,77.0,-42.5,7.431,7.025,H+S_1377_99_0744_EN.PDF.PDF
SENCITY FARAD-IV Radar Antenna,1377.99.0744,azimuth,77.0,-42.0,7.604,7.162,H+S_1377_99_0744_EN.PDF.PDF
SENCITY FARAD-IV Radar Antenna,1377.99.0744,azimuth,77.0,-41.5,7.850,7.326,H+S_1377_99_0744_EN.PDF.PDF
SENCITY FARAD-IV Radar Antenna,1377.99.0744,azimuth,77.0,-41.0,8.039,7.544,H+S_1377_99_0744_EN.PDF.PDF
SENCITY FARAD-IV Radar Antenna,1377.99.0744,azimuth,77.0,-40.5,8.271,7.730,H+S_1377_99_0744_EN.PDF.PDF
SENCITY FARAD-IV Radar Antenna,1377.99.0744,azimuth,77.0,-40.0,8.475,7.941,H+S_1377_99_0744_EN.PDF.PDF
SENCITY FARAD-IV Radar Antenna,1377.99.0744,azimuth,77.0,-39.5,8.604,8.151,H+S_1377_99_0744_EN.PDF.PDF
SENCITY FARAD-IV Radar Antenna,1377.99.0744,azimuth,77.0,-39.0,8.775,8.362,H+S_1377_99_0744_EN.PDF.PDF
SENCITY FARAD-IV Radar Antenna,1377.99.0744,azimuth,77.0,-38.5,8.936,8.543,H+S_1377_99_0744_EN.PDF.PDF
SENCITY FARAD-IV Radar Antenna,1377.99.0744,azimuth,77.0,-38.0,9.120,8.716,H+S_1377_99_0744_EN.PDF.PDF
SENCITY FARAD-IV Radar Antenna,1377.99.0744,azimuth,77.0,-37.5,9.304,8.888,H+S_1377_99_0744_EN.PDF.PDF
SENCITY FARAD-IV Radar Antenna,1377.99.0744,azimuth,77.0,-37.0,9.488,9.106,H+S_1377_99_0744_EN.PDF.PDF
SENCITY FARAD-IV Radar Antenna,1377.99.0744,azimuth,77.0,-36.5,9.672,9.279,H+S_1377_99_0744_EN.PDF.PDF
SENCITY FARAD-IV Radar Antenna,1377.99.0744,azimuth,77.0,-36.0,9.856,9.452,H+S_1377_99_0744_EN.PDF.PDF
SENCITY FARAD-IV Radar Antenna,1377.99.0744,azimuth,77.0,-35.5,10.039,9.670,H+S_1377_99_0744_EN.PDF.PDF
SENCITY FARAD-IV Radar Antenna,1377.99.0744,azimuth,77.0,-35.0,10.223,9.842,H+S_1377_99_0744_EN.PDF.PDF
SENCITY FARAD-IV Radar Antenna,1377.99.0744,azimuth,77.0,-34.5,10.407,10.045,H+S_1377_99_0744_EN.PDF.PDF
SENCITY FARAD-IV Radar Antenna,1377.99.0744,azimuth,77.0,-34.0,10.556,10.188,H+S_1377_99_0744_EN.PDF.PDF
SENCITY FARAD-IV Radar Antenna,1377.99.0744,azimuth,77.0,-33.5,10.721,10.271,H+S_1377_99_0744_EN.PDF.PDF
SENCITY FARAD-IV Radar Antenna,1377.99.0744,azimuth,77.0,-33.0,10.804,10.443,H+S_1377_99_0744_EN.PDF.PDF
SENCITY FARAD-IV Radar Antenna,1377.99.0744,azimuth,77.0,-32.5,10.946,10.512,H+S_1377_99_0744_EN.PDF.PDF
SENCITY FARAD-IV Radar Antenna,1377.99.0744,azimuth,77.0,-32.0,11.037,10.631,H+S_1377_99_0744_EN.PDF.PDF
SENCITY FARAD-IV Radar Antenna,1377.99.0744,azimuth,77.0,-31.5,11.203,10.782,H+S_1377_99_0744_EN.PDF.PDF
SENCITY FARAD-IV Radar Antenna,1377.99.0744,azimuth,77.0,-31.0,11.360,10.946,H+S_1377_99_0744_EN.PDF.PDF
SENCITY FARAD-IV Radar Antenna,1377.99.0744,azimuth,77.0,-30.5,11.487,11.082,H+S_1377_99_0744_EN.PDF.PDF
SENCITY FARAD-IV Radar Antenna,1377.99.0744,azimuth,77.0,-30.0,11.654,11.210,H+S_1377_99_0744_EN.PDF.PDF
SENCITY FARAD-IV Radar Antenna,1377.99.0744,azimuth,77.0,-29.5,11.698,11.338,H+S_1377_99_0744_EN.PDF.PDF
SENCITY FARAD-IV Radar Antenna,1377.99.0744,azimuth,77.0,-29.0,11.804,11.399,H+S_1377_99_0744_EN.PDF.PDF
SENCITY FARAD-IV Radar Antenna,1377.99.0744,azimuth,77.0,-28.5,11.863,11.503,H+S_1377_99_0744_EN.PDF.PDF
SENCITY FARAD-IV Radar Antenna,1377.99.0744,azimuth,77.0,-28.0,11.991,11.550,H+S_1377_99_0744_EN.PDF.PDF
SENCITY FARAD-IV Radar Antenna,1377.99.0744,azimuth,77.0,-27.5,12.120,11.713,H+S_1377_99_0744_EN.PDF.PDF
SENCITY FARAD-IV Radar Antenna,1377.99.0744,azimuth,77.0,-27.0,12.331,11.925,H+S_1377_99_0744_EN.PDF.PDF
SENCITY FARAD-IV Radar Antenna,1377.99.0744,azimuth,77.0,-26.5,12.496,12.091,H+S_1377_99_0744_EN.PDF.PDF
SENCITY FARAD-IV Radar Antenna,1377.99.0744,azimuth,77.0,-26.0,12.662,12.256,H+S_1377_99_0744_EN.PDF.PDF
SENCITY FARAD-IV Radar Antenna,1377.99.0744,azimuth,77.0,-25.5,12.793,12.404,H+S_1377_99_0744_EN.PDF.PDF
SENCITY FARAD-IV Radar Antenna,1377.99.0744,azimuth,77.0,-25.0,12.893,12.532,H+S_1377_99_0744_EN.PDF.PDF
SENCITY FARAD-IV Radar Antenna,1377.99.0744,azimuth,77.0,-24.5,12.977,12.615,H+S_1377_99_0744_EN.PDF.PDF
SENCITY FARAD-IV Radar Antenna,1377.99.0744,azimuth,77.0,-24.0,13.083,12.743,H+S_1377_99_0744_EN.PDF.PDF
SENCITY FARAD-IV Radar Antenna,1377.99.0744,azimuth,77.0,-23.5,13.147,12.870,H+S_1377_99_0744_EN.PDF.PDF
SENCITY FARAD-IV Radar Antenna,1377.99.0744,azimuth,77.0,-23.0,13.211,12.978,H+S_1377_99_0744_EN.PDF.PDF
SENCITY FARAD-IV Radar Antenna,1377.99.0744,azimuth,77.0,-22.5,13.275,13.036,H+S_1377_99_0744_EN.PDF.PDF
SENCITY FARAD-IV Radar Antenna,1377.99.0744,azimuth,77.0,-22.0,13.338,13.108,H+S_1377_99_0744_EN.PDF.PDF
SENCITY FARAD-IV Radar Antenna,1377.99.0744,azimuth,77.0,-21.5,13.402,13.108,H+S_1377_99_0744_EN.PDF.PDF
SENCITY FARAD-IV Radar Antenna,1377.99.0744,azimuth,77.0,-21.0,13.473,13.153,H+S_1377_99_0744_EN.PDF.PDF
SENCITY FARAD-IV Radar Antenna,1377.99.0744,azimuth,77.0,-20.5,13.592,13.186,H+S_1377_99_0744_EN.PDF.PDF
SENCITY FARAD-IV Radar Antenna,1377.99.0744,azimuth,77.0,-20.0,13.700,13.288,H+S_1377_99_0744_EN.PDF.PDF
SENCITY FARAD-IV Radar Antenna,1377.99.0744,azimuth,77.0,-19.5,13.709,13.487,H+S_1377_99_0744_EN.PDF.PDF
SENCITY FARAD-IV Radar Antenna,1377.99.0744,azimuth,77.0,-19.0,13.674,13.660,H+S_1377_99_0744_EN.PDF.PDF
SENCITY FARAD-IV Radar Antenna,1377.99.0744,azimuth,77.0,-18.5,13.639,13.836,H+S_1377_99_0744_EN.PDF.PDF
SENCITY FARAD-IV Radar Antenna,1377.99.0744,azimuth,77.0,-18.0,13.605,14.005,H+S_1377_99_0744_EN.PDF.PDF
SENCITY FARAD-IV Radar Antenna,1377.99.0744,azimuth,77.0,-17.5,13.794,14.088,H+S_1377_99_0744_EN.PDF.PDF
SENCITY FARAD-IV Radar Antenna,1377.99.0744,azimuth,77.0,-17.0,13.991,14.099,H+S_1377_99_0744_EN.PDF.PDF
SENCITY FARAD-IV Radar Antenna,1377.99.0744,azimuth,77.0,-16.5,14.187,14.144,H+S_1377_99_0744_EN.PDF.PDF
SENCITY FARAD-IV Radar Antenna,1377.99.0744,azimuth,77.0,-16.0,14.384,14.144,H+S_1377_99_0744_EN.PDF.PDF
SENCITY FARAD-IV Radar Antenna,1377.99.0744,azimuth,77.0,-15.5,14.595,14.234,H+S_1377_99_0744_EN.PDF.PDF
SENCITY FARAD-IV Radar Antenna,1377.99.0744,azimuth,77.0,-15.0,14.621,14.318,H+S_1377_99_0744_EN.PDF.PDF
SENCITY FARAD-IV Radar Antenna,1377.99.0744,azimuth,77.0,-14.5,14.661,14.438,H+S_1377_99_0744_EN.PDF.PDF
SENCITY FARAD-IV Radar Antenna,1377.99.0744,azimuth,77.0,-14.0,14.700,14.514,H+S_1377_99_0744_EN.PDF.PDF
SENCITY FARAD-IV Radar Antenna,1377.99.0744,azimuth,77.0,-13.5,14.739,14.550,H+S_1377_99_0744_EN.PDF.PDF
SENCITY FARAD-IV Radar Antenna,1377.99.0744,azimuth,77.0,-13.0,14.779,14.640,H+S_1377_99_0744_EN.PDF.PDF
SENCITY FARAD-IV Radar Antenna,1377.99.0744,azimuth,77.0,-12.5,14.818,14.640,H+S_1377_99_0744_EN.PDF.PDF
SENCITY FARAD-IV Radar Antenna,1377.99.0744,azimuth,77.0,-12.0,14.857,14.727,H+S_1377_99_0744_EN.PDF.PDF
SENCITY FARAD-IV Radar Antenna,1377.99.0744,azimuth,77.0,-11.5,14.896,14.730,H+S_1377_99_0744_EN.PDF.PDF
SENCITY FARAD-IV Radar Antenna,1377.99.0744,azimuth,77.0,-11.0,14.936,14.775,H+S_1377_99_0744_EN.PDF.PDF
SENCITY FARAD-IV Radar Antenna,1377.99.0744,azimuth,77.0,-10.5,14.975,14.800,H+S_1377_99_0744_EN.PDF.PDF
SENCITY FARAD-IV Radar Antenna,1377.99.0744,azimuth,77.0,-10.0,15.014,14.820,H+S_1377_99_0744_EN.PDF.PDF
SENCITY FARAD-IV Radar Antenna,1377.99.0744,azimuth,77.0,-9.5,15.054,14.910,H+S_1377_99_0744_EN.PDF.PDF
SENCITY FARAD-IV Radar Antenna,1377.99.0744,azimuth,77.0,-9.0,15.093,14.955,H+S_1377_99_0744_EN.PDF.PDF
SENCITY FARAD-IV Radar Antenna,1377.99.0744,azimuth,77.0,-8.5,15.132,15.000,H+S_1377_99_0744_EN.PDF.PDF
SENCITY FARAD-IV Radar Antenna,1377.99.0744,azimuth,77.0,-8.0,15.172,15.045,H+S_1377_99_0744_EN.PDF.PDF
SENCITY FARAD-IV Radar Antenna,1377.99.0744,azimuth,77.0,-7.5,15.211,15.069,H+S_1377_99_0744_EN.PDF.PDF
SENCITY FARAD-IV Radar Antenna,1377.99.0744,azimuth,77.0,-7.0,15.250,15.018,H+S_1377_99_0744_EN.PDF.PDF
SENCITY FARAD-IV Radar Antenna,1377.99.0744,azimuth,77.0,-6.5,15.289,14.955,H+S_1377_99_0744_EN.PDF.PDF
SENCITY FARAD-IV Radar Antenna,1377.99.0744,azimuth,77.0,-6.0,15.315,14.955,H+S_1377_99_0744_EN.PDF.PDF
SENCITY FARAD-IV Radar Antenna,1377.99.0744,azimuth,77.0,-5.5,15.315,14.955,H+S_1377_99_0744_EN.PDF.PDF
SENCITY FARAD-IV Radar Antenna,1377.99.0744,azimuth,77.0,-5.0,15.315,14.984,H+S_1377_99_0744_EN.PDF.PDF
SENCITY FARAD-IV Radar Antenna,1377.99.0744,azimuth,77.0,-4.5,15.315,15.067,H+S_1377_99_0744_EN.PDF.PDF
SENCITY FARAD-IV Radar Antenna,1377.99.0744,azimuth,77.0,-4.0,15.315,15.104,H+S_1377_99_0744_EN.PDF.PDF
SENCITY FARAD-IV Radar Antenna,1377.99.0744,azimuth,77.0,-3.5,15.315,15.135,H+S_1377_99_0744_EN.PDF.PDF
SENCITY FARAD-IV Radar Antenna,1377.99.0744,azimuth,77.0,-3.0,15.315,15.135,H+S_1377_99_0744_EN.PDF.PDF
SENCITY FARAD-IV Radar Antenna,1377.99.0744,azimuth,77.0,-2.5,15.315,15.135,H+S_1377_99_0744_EN.PDF.PDF
SENCITY FARAD-IV Radar Antenna,1377.99.0744,azimuth,77.0,-2.0,15.315,15.090,H+S_1377_99_0744_EN.PDF.PDF
SENCITY FARAD-IV Radar Antenna,1377.99.0744,azimuth,77.0,-1.5,15.315,15.090,H+S_1377_99_0744_EN.PDF.PDF
SENCITY FARAD-IV Radar Antenna,1377.99.0744,azimuth,77.0,-1.0,15.315,15.090,H+S_1377_99_0744_EN.PDF.PDF
SENCITY FARAD-IV Radar Antenna,1377.99.0744,azimuth,77.0,-0.5,15.315,15.090,H+S_1377_99_0744_EN.PDF.PDF
SENCITY FARAD-IV Radar Antenna,1377.99.0744,azimuth,77.0,0.0,15.315,15.045,H+S_1377_99_0744_EN.PDF.PDF
SENCITY FARAD-IV Radar Antenna,1377.99.0744,azimuth,77.0,0.5,15.315,15.090,H+S_1377_99_0744_EN.PDF.PDF
SENCITY FARAD-IV Radar Antenna,1377.99.0744,azimuth,77.0,1.0,15.315,15.090,H+S_1377_99_0744_EN.PDF.PDF
SENCITY FARAD-IV Radar Antenna,1377.99.0744,azimuth,77.0,1.5,15.315,15.135,H+S_1377_99_0744_EN.PDF.PDF
SENCITY FARAD-IV Radar Antenna,1377.99.0744,azimuth,77.0,2.0,15.315,15.090,H+S_1377_99_0744_EN.PDF.PDF
SENCITY FARAD-IV Radar Antenna,1377.99.0744,azimuth,77.0,2.5,15.315,15.082,H+S_1377_99_0744_EN.PDF.PDF
SENCITY FARAD-IV Radar Antenna,1377.99.0744,azimuth,77.0,3.0,15.315,14.955,H+S_1377_99_0744_EN.PDF.PDF
SENCITY FARAD-IV Radar Antenna,1377.99.0744,azimuth,77.0,3.5,15.315,14.955,H+S_1377_99_0744_EN.PDF.PDF
SENCITY FARAD-IV Radar Antenna,1377.99.0744,azimuth,77.0,4.0,15.284,14.955,H+S_1377_99_0744_EN.PDF.PDF
SENCITY FARAD-IV Radar Antenna,1377.99.0744,azimuth,77.0,4.5,15.360,14.978,H+S_1377_99_0744_EN.PDF.PDF
SENCITY FARAD-IV Radar Antenna,1377.99.0744,azimuth,77.0,5.0,15.450,15.045,H+S_1377_99_0744_EN.PDF.PDF
SENCITY FARAD-IV Radar Antenna,1377.99.0744,azimuth,77.0,5.5,15.495,15.045,H+S_1377_99_0744_EN.PDF.PDF
SENCITY FARAD-IV Radar Antenna,1377.99.0744,azimuth,77.0,6.0,15.405,15.045,H+S_1377_99_0744_EN.PDF.PDF
SENCITY FARAD-IV Radar Antenna,1377.99.0744,azimuth,77.0,6.5,15.352,15.045,H+S_1377_99_0744_EN.PDF.PDF
SENCITY FARAD-IV Radar Antenna,1377.99.0744,azimuth,77.0,7.0,15.298,15.000,H+S_1377_99_0744_EN.PDF.PDF
SENCITY FARAD-IV Radar Antenna,1377.99.0744,azimuth,77.0,7.5,15.245,14.952,H+S_1377_99_0744_EN.PDF.PDF
SENCITY FARAD-IV Radar Antenna,1377.99.0744,azimuth,77.0,8.0,15.192,14.910,H+S_1377_99_0744_EN.PDF.PDF
SENCITY FARAD-IV Radar Antenna,1377.99.0744,azimuth,77.0,8.5,15.139,14.820,H+S_1377_99_0744_EN.PDF.PDF
SENCITY FARAD-IV Radar Antenna,1377.99.0744,azimuth,77.0,9.0,15.086,14.820,H+S_1377_99_0744_EN.PDF.PDF
SENCITY FARAD-IV Radar Antenna,1377.99.0744,azimuth,77.0,9.5,15.032,14.741,H+S_1377_99_0744_EN.PDF.PDF
SENCITY FARAD-IV Radar Antenna,1377.99.0744,azimuth,77.0,10.0,14.979,14.620,H+S_1377_99_0744_EN.PDF.PDF
SENCITY FARAD-IV Radar Antenna,1377.99.0744,azimuth,77.0,10.5,14.935,14.595,H+S_1377_99_0744_EN.PDF.PDF
SENCITY FARAD-IV Radar Antenna,1377.99.0744,azimuth,77.0,11.0,14.910,14.532,H+S_1377_99_0744_EN.PDF.PDF
SENCITY FARAD-IV Radar Antenna,1377.99.0744,azimuth,77.0,11.5,14.845,14.414,H+S_1377_99_0744_EN.PDF.PDF
SENCITY FARAD-IV Radar Antenna,1377.99.0744,azimuth,77.0,12.0,14.772,14.412,H+S_1377_99_0744_EN.PDF.PDF
SENCITY FARAD-IV Radar Antenna,1377.99.0744,azimuth,77.0,12.5,14.627,14.324,H+S_1377_99_0744_EN.PDF.PDF
SENCITY FARAD-IV Radar Antenna,1377.99.0744,azimuth,77.0,13.0,14.445,14.279,H+S_1377_99_0744_EN.PDF.PDF
SENCITY FARAD-IV Radar Antenna,1377.99.0744,azimuth,77.0,13.5,14.262,14.228,H+S_1377_99_0744_EN.PDF.PDF
SENCITY FARAD-IV Radar Antenna,1377.99.0744,azimuth,77.0,14.0,14.080,14.189,H+S_1377_99_0744_EN.PDF.PDF
SENCITY FARAD-IV Radar Antenna,1377.99.0744,azimuth,77.0,14.5,13.897,14.144,H+S_1377_99_0744_EN.PDF.PDF
SENCITY FARAD-IV Radar Antenna,1377.99.0744,azimuth,77.0,15.0,13.763,14.141,H+S_1377_99_0744_EN.PDF.PDF
SENCITY FARAD-IV Radar Antenna,1377.99.0744,azimuth,77.0,15.5,13.708,14.054,H+S_1377_99_0744_EN.PDF.PDF
SENCITY FARAD-IV Radar Antenna,1377.99.0744,azimuth,77.0,16.0,13.654,14.021,H+S_1377_99_0744_EN.PDF.PDF
SENCITY FARAD-IV Radar Antenna,1377.99.0744,azimuth,77.0,16.5,13.604,13.964,H+S_1377_99_0744_EN.PDF.PDF
SENCITY FARAD-IV Radar Antenna,1377.99.0744,azimuth,77.0,17.0,13.450,13.855,H+S_1377_99_0744_EN.PDF.PDF
SENCITY FARAD-IV Radar Antenna,1377.99.0744,azimuth,77.0,17.5,13.311,13.716,H+S_1377_99_0744_EN.PDF.PDF
SENCITY FARAD-IV Radar Antenna,1377.99.0744,azimuth,77.0,18.0,13.145,13.551,H+S_1377_99_0744_EN.PDF.PDF
SENCITY FARAD-IV Radar Antenna,1377.99.0744,azimuth,77.0,18.5,13.041,13.385,H+S_1377_99_0744_EN.PDF.PDF
SENCITY FARAD-IV Radar Antenna,1377.99.0744,azimuth,77.0,19.0,12.972,13.254,H+S_1377_99_0744_EN.PDF.PDF
SENCITY FARAD-IV Radar Antenna,1377.99.0744,azimuth,77.0,19.5,12.904,13.108,H+S_1377_99_0744_EN.PDF.PDF
SENCITY FARAD-IV Radar Antenna,1377.99.0744,azimuth,77.0,20.0,12.835,13.018,H+S_1377_99_0744_EN.PDF.PDF
SENCITY FARAD-IV Radar Antenna,1377.99.0744,azimuth,77.0,20.5,12.767,12.904,H+S_1377_99_0744_EN.PDF.PDF
SENCITY FARAD-IV Radar Antenna,1377.99.0744,azimuth,77.0,21.0,12.698,12.788,H+S_1377_99_0744_EN.PDF.PDF
SENCITY FARAD-IV Radar Antenna,1377.99.0744,azimuth,77.0,21.5,12.630,12.661,H+S_1377_99_0744_EN.PDF.PDF
SENCITY FARAD-IV Radar Antenna,1377.99.0744,azimuth,77.0,22.0,12.561,12.533,H+S_1377_99_0744_EN.PDF.PDF
SENCITY FARAD-IV Radar Antenna,1377.99.0744,azimuth,77.0,22.5,12.492,12.378,H+S_1377_99_0744_EN.PDF.PDF
SENCITY FARAD-IV Radar Antenna,1377.99.0744,azimuth,77.0,23.0,12.424,12.277,H+S_1377_99_0744_EN.PDF.PDF
SENCITY FARAD-IV Radar Antenna,1377.99.0744,azimuth,77.0,23.5,12.355,12.150,H+S_1377_99_0744_EN.PDF.PDF
SENCITY FARAD-IV Radar Antenna,1377.99.0744,azimuth,77.0,24.0,12.287,12.027,H+S_1377_99_0744_EN.PDF.PDF
SENCITY FARAD-IV Radar Antenna,1377.99.0744,azimuth,77.0,24.5,12.218,11.937,H+S_1377_99_0744_EN.PDF.PDF
SENCITY FARAD-IV Radar Antenna,1377.99.0744,azimuth,77.0,25.0,12.150,11.847,H+S_1377_99_0744_EN.PDF.PDF
SENCITY FARAD-IV Radar Antenna,1377.99.0744,azimuth,77.0,25.5,12.081,11.712,H+S_1377_99_0744_EN.PDF.PDF
SENCITY FARAD-IV Radar Antenna,1377.99.0744,azimuth,77.0,26.0,11.956,11.646,H+S_1377_99_0744_EN.PDF.PDF
SENCITY FARAD-IV Radar Antenna,1377.99.0744,azimuth,77.0,26.5,11.821,11.550,H+S_1377_99_0744_EN.PDF.PDF
SENCITY FARAD-IV Radar Antenna,1377.99.0744,azimuth,77.0,27.0,11.687,11.430,H+S_1377_99_0744_EN.PDF.PDF
SENCITY FARAD-IV Radar Antenna,1377.99.0744,azimuth,77.0,27.5,11.552,11.263,H+S_1377_99_0744_EN.PDF.PDF
SENCITY FARAD-IV Radar Antenna,1377.99.0744,azimuth,77.0,28.0,11.418,11.099,H+S_1377_99_0744_EN.PDF.PDF
SENCITY FARAD-IV Radar Antenna,1377.99.0744,azimuth,77.0,28.5,11.283,10.962,H+S_1377_99_0744_EN.PDF.PDF
SENCITY FARAD-IV Radar Antenna,1377.99.0744,azimuth,77.0,29.0,11.171,10.766,H+S_1377_99_0744_EN.PDF.PDF
SENCITY FARAD-IV Radar Antenna,1377.99.0744,azimuth,77.0,29.5,11.008,10.586,H+S_1377_99_0744_EN.PDF.PDF
SENCITY FARAD-IV Radar Antenna,1377.99.0744,azimuth,77.0,30.0,10.894,10.399,H+S_1377_99_0744_EN.PDF.PDF
SENCITY FARAD-IV Radar Antenna,1377.99.0744,azimuth,77.0,30.5,10.678,10.182,H+S_1377_99_0744_EN.PDF.PDF
SENCITY FARAD-IV Radar Antenna,1377.99.0744,azimuth,77.0,31.0,10.512,10.053,H+S_1377_99_0744_EN.PDF.PDF
SENCITY FARAD-IV Radar Antenna,1377.99.0744,azimuth,77.0,31.5,10.347,9.881,H+S_1377_99_0744_EN.PDF.PDF
SENCITY FARAD-IV Radar Antenna,1377.99.0744,azimuth,77.0,32.0,10.181,9.708,H+S_1377_99_0744_EN.PDF.PDF
SENCITY FARAD-IV Radar Antenna,1377.99.0744,azimuth,77.0,32.5,9.986,9.550,H+S_1377_99_0744_EN.PDF.PDF
SENCITY FARAD-IV Radar Antenna,1377.99.0744,azimuth,77.0,33.0,9.934,9.452,H+S_1377_99_0744_EN.PDF.PDF
SENCITY FARAD-IV Radar Antenna,1377.99.0744,azimuth,77.0,33.5,9.528,9.369,H+S_1377_99_0744_EN.PDF.PDF
SENCITY FARAD-IV Radar Antenna,1377.99.0744,azimuth,77.0,34.0,8.954,9.324,H+S_1377_99_0744_EN.PDF.PDF
SENCITY FARAD-IV Radar Antenna,1377.99.0744,azimuth,77.0,34.5,8.769,9.174,H+S_1377_99_0744_EN.PDF.PDF
SENCITY FARAD-IV Radar Antenna,1377.99.0744,azimuth,77.0,35.0,8.581,9.009,H+S_1377_99_0744_EN.PDF.PDF
SENCITY FARAD-IV Radar Antenna,1377.99.0744,azimuth,77.0,35.5,8.393,8.844,H+S_1377_99_0744_EN.PDF.PDF
SENCITY FARAD-IV Radar Antenna,1377.99.0744,azimuth,77.0,36.0,8.183,8.641,H+S_1377_99_0744_EN.PDF.PDF
SENCITY FARAD-IV Radar Antenna,1377.99.0744,azimuth,77.0,36.5,8.017,8.423,H+S_1377_99_0744_EN.PDF.PDF
SENCITY FARAD-IV Radar Antenna,1377.99.0744,azimuth,77.0,37.0,7.838,8.250,H+S_1377_99_0744_EN.PDF.PDF
SENCITY FARAD-IV Radar Antenna,1377.99.0744,azimuth,77.0,37.5,7.693,8.063,H+S_1377_99_0744_EN.PDF.PDF
SENCITY FARAD-IV Radar Antenna,1377.99.0744,azimuth,77.0,38.0,7.521,7.883,H+S_1377_99_0744_EN.PDF.PDF
SENCITY FARAD-IV Radar Antenna,1377.99.0744,azimuth,77.0,38.5,7.356,7.703,H+S_1377_99_0744_EN.PDF.PDF
SENCITY FARAD-IV Radar Antenna,1377.99.0744,azimuth,77.0,39.0,7.154,7.596,H+S_1377_99_0744_EN.PDF.PDF
SENCITY FARAD-IV Radar Antenna,1377.99.0744,azimuth,77.0,39.5,6.936,7.386,H+S_1377_99_0744_EN.PDF.PDF
SENCITY FARAD-IV Radar Antenna,1377.99.0744,azimuth,77.0,40.0,6.686,7.220,H+S_1377_99_0744_EN.PDF.PDF
SENCITY FARAD-IV Radar Antenna,1377.99.0744,azimuth,77.0,40.5,6.559,6.996,H+S_1377_99_0744_EN.PDF.PDF
SENCITY FARAD-IV Radar Antenna,1377.99.0744,azimuth,77.0,41.0,6.304,6.799,H+S_1377_99_0744_EN.PDF.PDF
SENCITY FARAD-IV Radar Antenna,1377.99.0744,azimuth,77.0,41.5,6.065,6.544,H+S_1377_99_0744_EN.PDF.PDF
SENCITY FARAD-IV Radar Antenna,1377.99.0744,azimuth,77.0,42.0,5.838,6.333,H+S_1377_99_0744_EN.PDF.PDF
SENCITY FARAD-IV Radar Antenna,1377.99.0744,azimuth,77.0,42.5,5.629,6.079,H+S_1377_99_0744_EN.PDF.PDF
SENCITY FARAD-IV Radar Antenna,1377.99.0744,azimuth,77.0,43.0,5.417,5.907,H+S_1377_99_0744_EN.PDF.PDF
SENCITY FARAD-IV Radar Antenna,1377.99.0744,azimuth,77.0,43.5,5.297,5.721,H+S_1377_99_0744_EN.PDF.PDF
SENCITY FARAD-IV Radar Antenna,1377.99.0744,azimuth,77.0,44.0,5.111,5.541,H+S_1377_99_0744_EN.PDF.PDF
SENCITY FARAD-IV Radar Antenna,1377.99.0744,azimuth,77.0,44.5,4.983,5.416,H+S_1377_99_0744_EN.PDF.PDF
SENCITY FARAD-IV Radar Antenna,1377.99.0744,azimuth,77.0,45.0,4.810,5.251,H+S_1377_99_0744_EN.PDF.PDF
SENCITY FARAD-IV Radar Antenna,1377.99.0744,azimuth,77.0,45.5,4.590,5.086,H+S_1377_99_0744_EN.PDF.PDF
SENCITY FARAD-IV Radar Antenna,1377.99.0744,azimuth,77.0,46.0,4.375,4.875,H+S_1377_99_0744_EN.PDF.PDF
SENCITY FARAD-IV Radar Antenna,1377.99.0744,azimuth,77.0,46.5,4.079,4.632,H+S_1377_99_0744_EN.PDF.PDF
SENCITY FARAD-IV Radar Antenna,1377.99.0744,azimuth,77.0,47.0,3.890,4.319,H+S_1377_99_0744_EN.PDF.PDF
SENCITY FARAD-IV Radar Antenna,1377.99.0744,azimuth,77.0,47.5,3.756,3.974,H+S_1377_99_0744_EN.PDF.PDF
SENCITY FARAD-IV Radar Antenna,1377.99.0744,azimuth,77.0,48.0,3.621,3.708,H+S_1377_99_0744_EN.PDF.PDF
SENCITY FARAD-IV Radar Antenna,1377.99.0744,azimuth,77.0,48.5,3.487,3.373,H+S_1377_99_0744_EN.PDF.PDF
SENCITY FARAD-IV Radar Antenna,1377.99.0744,azimuth,77.0,49.0,3.352,3.203,H+S_1377_99_0744_EN.PDF.PDF
SENCITY FARAD-IV Radar Antenna,1377.99.0744,azimuth,77.0,49.5,3.218,2.874,H+S_1377_99_0744_EN.PDF.PDF
SENCITY FARAD-IV Radar Antenna,1377.99.0744,azimuth,77.0,50.0,3.083,2.651,H+S_1377_99_0744_EN.PDF.PDF
SENCITY FARAD-IV Radar Antenna,1377.99.0744,azimuth,77.0,50.5,2.806,2.459,H+S_1377_99_0744_EN.PDF.PDF
SENCITY FARAD-IV Radar Antenna,1377.99.0744,azimuth,77.0,51.0,2.274,2.320,H+S_1377_99_0744_EN.PDF.PDF
SENCITY FARAD-IV Radar Antenna,1377.99.0744,azimuth,77.0,51.5,1.753,2.200,H+S_1377_99_0744_EN.PDF.PDF
SENCITY FARAD-IV Radar Antenna,1377.99.0744,azimuth,77.0,52.0,1.539,2.031,H+S_1377_99_0744_EN.PDF.PDF
SENCITY FARAD-IV Radar Antenna,1377.99.0744,azimuth,77.0,52.5,1.329,1.869,H+S_1377_99_0744_EN.PDF.PDF
SENCITY FARAD-IV Radar Antenna,1377.99.0744,azimuth,77.0,53.0,1.073,1.678,H+S_1377_99_0744_EN.PDF.PDF
SENCITY FARAD-IV Radar Antenna,1377.99.0744,azimuth,77.0,53.5,0.773,1.403,H+S_1377_99_0744_EN.PDF.PDF
SENCITY FARAD-IV Radar Antenna,1377.99.0744,azimuth,77.0,54.0,0.416,1.091,H+S_1377_99_0744_EN.PDF.PDF
SENCITY FARAD-IV Radar Antenna,1377.99.0744,azimuth,77.0,54.5,0.227,0.655,H+S_1377_99_0744_EN.PDF.PDF
SENCITY FARAD-IV Radar Antenna,1377.99.0744,azimuth,77.0,55.0,0.113,0.148,H+S_1377_99_0744_EN.PDF.PDF
SENCITY FARAD-IV Radar Antenna,1377.99.0744,azimuth,77.0,55.5,-0.001,-0.283,H+S_1377_99_0744_EN.PDF.PDF
SENCITY FARAD-IV Radar Antenna,1377.99.0744,azimuth,77.0,56.0,-0.117,-0.775,H+S_1377_99_0744_EN.PDF.PDF
SENCITY FARAD-IV Radar Antenna,1377.99.0744,azimuth,77.0,56.5,-0.445,-1.140,H+S_1377_99_0744_EN.PDF.PDF
SENCITY FARAD-IV Radar Antenna,1377.99.0744,azimuth,77.0,57.0,-0.745,-1.421,H+S_1377_99_0744_EN.PDF.PDF
SENCITY FARAD-IV Radar Antenna,1377.99.0744,azimuth,77.0,57.5,-0.956,-1.671,H+S_1377_99_0744_EN.PDF.PDF
SENCITY FARAD-IV Radar Antenna,1377.99.0744,azimuth,77.0,58.0,-1.214,-1.842,H+S_1377_99_0744_EN.PDF.PDF
SENCITY FARAD-IV Radar Antenna,1377.99.0744,azimuth,77.0,58.5,-1.467,-1.982,H+S_1377_99_0744_EN.PDF.PDF
SENCITY FARAD-IV Radar Antenna,1377.99.0744,azimuth,77.0,59.0,-1.632,-1.982,H+S_1377_99_0744_EN.PDF.PDF
SENCITY FARAD-IV Radar Antenna,1377.99.0744,azimuth,77.0,59.5,-2.387,-1.982,H+S_1377_99_0744_EN.PDF.PDF
SENCITY FARAD-IV Radar Antenna,1377.99.0744,azimuth,77.0,60.0,-2.490,-1.937,H+S_1377_99_0744_EN.PDF.PDF
SENCITY FARAD-IV Radar Antenna,1377.99.0744,azimuth,77.0,60.5,-2.618,-1.987,H+S_1377_99_0744_EN.PDF.PDF
SENCITY FARAD-IV Radar Antenna,1377.99.0744,azimuth,77.0,61.0,-2.746,-2.070,H+S_1377_99_0744_EN.PDF.PDF
SENCITY FARAD-IV Radar Antenna,1377.99.0744,azimuth,77.0,61.5,-2.874,-2.198,H+S_1377_99_0744_EN.PDF.PDF
SENCITY FARAD-IV Radar Antenna,1377.99.0744,azimuth,77.0,62.0,-2.985,-2.399,H+S_1377_99_0744_EN.PDF.PDF
SENCITY FARAD-IV Radar Antenna,1377.99.0744,azimuth,77.0,62.5,-2.926,-2.741,H+S_1377_99_0744_EN.PDF.PDF
SENCITY FARAD-IV Radar Antenna,1377.99.0744,azimuth,77.0,63.0,-2.747,-3.149,H+S_1377_99_0744_EN.PDF.PDF
SENCITY FARAD-IV Radar Antenna,1377.99.0744,azimuth,77.0,63.5,-2.799,-3.571,H+S_1377_99_0744_EN.PDF.PDF
SENCITY FARAD-IV Radar Antenna,1377.99.0744,azimuth,77.0,64.0,-2.838,-3.959,H+S_1377_99_0744_EN.PDF.PDF
SENCITY FARAD-IV Radar Antenna,1377.99.0744,azimuth,77.0,64.5,-2.928,-4.335,H+S_1377_99_0744_EN.PDF.PDF
SENCITY FARAD-IV Radar Antenna,1377.99.0744,azimuth,77.0,65.0,-3.121,-4.698,H+S_1377_99_0744_EN.PDF.PDF
SENCITY FARAD-IV Radar Antenna,1377.99.0744,azimuth,77.0,65.5,-3.398,-4.998,H+S_1377_99_0744_EN.PDF.PDF
SENCITY FARAD-IV Radar Antenna,1377.99.0744,azimuth,77.0,66.0,-3.795,-5.299,H+S_1377_99_0744_EN.PDF.PDF
SENCITY FARAD-IV Radar Antenna,1377.99.0744,azimuth,77.0,66.5,-4.306,-5.651,H+S_1377_99_0744_EN.PDF.PDF
SENCITY FARAD-IV Radar Antenna,1377.99.0744,azimuth,77.0,67.0,-4.862,-6.079,H+S_1377_99_0744_EN.PDF.PDF
SENCITY FARAD-IV Radar Antenna,1377.99.0744,azimuth,77.0,67.5,-5.410,-6.618,H+S_1377_99_0744_EN.PDF.PDF
SENCITY FARAD-IV Radar Antenna,1377.99.0744,azimuth,77.0,68.0,-6.019,-7.055,H+S_1377_99_0744_EN.PDF.PDF
SENCITY FARAD-IV Radar Antenna,1377.99.0744,azimuth,77.0,68.5,-6.643,-7.432,H+S_1377_99_0744_EN.PDF.PDF
SENCITY FARAD-IV Radar Antenna,1377.99.0744,azimuth,77.0,69.0,-7.071,-8.655,H+S_1377_99_0744_EN.PDF.PDF
SENCITY FARAD-IV Radar Antenna,1377.99.0744,azimuth,77.0,69.5,-7.455,-13.357,H+S_1377_99_0744_EN.PDF.PDF
SENCITY FARAD-IV Radar Antenna,1377.99.0744,azimuth,77.0,70.0,-7.838,-9.099,H+S_1377_99_0744_EN.PDF.PDF
SENCITY FARAD-IV Radar Antenna,1377.99.0744,elevation,77.0,-70.0,-9.505,-15.811,H+S_1377_99_0744_EN.PDF.PDF
SENCITY FARAD-IV Radar Antenna,1377.99.0744,elevation,77.0,-69.5,-8.122,-14.661,H+S_1377_99_0744_EN.PDF.PDF
SENCITY FARAD-IV Radar Antenna,1377.99.0744,elevation,77.0,-69.0,-7.582,-10.036,H+S_1377_99_0744_EN.PDF.PDF
SENCITY FARAD-IV Radar Antenna,1377.99.0744,elevation,77.0,-68.5,-7.116,-8.534,H+S_1377_99_0744_EN.PDF.PDF
SENCITY FARAD-IV Radar Antenna,1377.99.0744,elevation,77.0,-68.0,-6.801,-8.242,H+S_1377_99_0744_EN.PDF.PDF
SENCITY FARAD-IV Radar Antenna,1377.99.0744,elevation,77.0,-67.5,-6.462,-7.965,H+S_1377_99_0744_EN.PDF.PDF
SENCITY FARAD-IV Radar Antenna,1377.99.0744,elevation,77.0,-67.0,-6.170,-7.793,H+S_1377_99_0744_EN.PDF.PDF
SENCITY FARAD-IV Radar Antenna,1377.99.0744,elevation,77.0,-66.5,-5.908,-7.748,H+S_1377_99_0744_EN.PDF.PDF
SENCITY FARAD-IV Radar Antenna,1377.99.0744,elevation,77.0,-66.0,-5.749,-7.793,H+S_1377_99_0744_EN.PDF.PDF
SENCITY FARAD-IV Radar Antenna,1377.99.0744,elevation,77.0,-65.5,-5.721,-7.883,H+S_1377_99_0744_EN.PDF.PDF
SENCITY FARAD-IV Radar Antenna,1377.99.0744,elevation,77.0,-65.0,-5.766,-7.973,H+S_1377_99_0744_EN.PDF.PDF
SENCITY FARAD-IV Radar Antenna,1377.99.0744,elevation,77.0,-64.5,-5.828,-7.956,H+S_1377_99_0744_EN.PDF.PDF
SENCITY FARAD-IV Radar Antenna,1377.99.0744,elevation,77.0,-64.0,-5.991,-7.837,H+S_1377_99_0744_EN.PDF.PDF
SENCITY FARAD-IV Radar Antenna,1377.99.0744,elevation,77.0,-63.5,-6.075,-7.754,H+S_1377_99_0744_EN.PDF.PDF
SENCITY FARAD-IV Radar Antenna,1377.99.0744,elevation,77.0,-63.0,-6.279,-7.734,H+S_1377_99_0744_EN.PDF.PDF
SENCITY FARAD-IV Radar Antenna,1377.99.0744,elevation,77.0,-62.5,-6.535,-7.931,H+S_1377_99_0744_EN.PDF.PDF
SENCITY FARAD-IV Radar Antenna,1377.99.0744,elevation,77.0,-62.0,-6.931,-8.310,H+S_1377_99_0744_EN.PDF.PDF
SENCITY FARAD-IV Radar Antenna,1377.99.0744,elevation,77.0,-61.5,-7.434,-8.740,H+S_1377_99_0744_EN.PDF.PDF
SENCITY FARAD-IV Radar Antenna,1377.99.0744,elevation,77.0,-61.0,-8.030,-9.291,H+S_1377_99_0744_EN.PDF.PDF
SENCITY FARAD-IV Radar Antenna,1377.99.0744,elevation,77.0,-60.5,-8.666,-9.758,H+S_1377_99_0744_EN.PDF.PDF
SENCITY FARAD-IV Radar Antenna,1377.99.0744,elevation,77.0,-60.0,-9.183,-10.142,H+S_1377_99_0744_EN.PDF.PDF
SENCITY FARAD-IV Radar Antenna,1377.99.0744,elevation,77.0,-59.5,-9.714,-10.435,H+S_1377_99_0744_EN.PDF.PDF
SENCITY FARAD-IV Radar Antenna,1377.99.0744,elevation,77.0,-59.0,-10.988,-10.710,H+S_1377_99_0744_EN.PDF.PDF
SENCITY FARAD-IV Radar Antenna,1377.99.0744,elevation,77.0,-58.5,-11.852,-11.031,H+S_1377_99_0744_EN.PDF.PDF
SENCITY FARAD-IV Radar Antenna,1377.99.0744,elevation,77.0,-58.0,-12.443,-11.449,H+S_1377_99_0744_EN.PDF.PDF
SENCITY FARAD-IV Radar Antenna,1377.99.0744,elevation,77.0,-57.5,-12.909,-11.787,H+S_1377_99_0744_EN.PDF.PDF
SENCITY FARAD-IV Radar Antenna,1377.99.0744,elevation,77.0,-57.0,-13.465,-11.748,H+S_1377_99_0744_EN.PDF.PDF
SENCITY FARAD-IV Radar Antenna,1377.99.0744,elevation,77.0,-56.5,-13.880,-11.365,H+S_1377_99_0744_EN.PDF.PDF
SENCITY FARAD-IV Radar Antenna,1377.99.0744,elevation,77.0,-56.0,-13.838,-10.766,H+S_1377_99_0744_EN.PDF.PDF
SENCITY FARAD-IV Radar Antenna,1377.99.0744,elevation,77.0,-55.5,-13.516,-10.172,H+S_1377_99_0744_EN.PDF.PDF
SENCITY FARAD-IV Radar Antenna,1377.99.0744,elevation,77.0,-55.0,-12.912,-9.723,H+S_1377_99_0744_EN.PDF.PDF
SENCITY FARAD-IV Radar Antenna,1377.99.0744,elevation,77.0,-54.5,-12.277,-9.419,H+S_1377_99_0744_EN.PDF.PDF
SENCITY FARAD-IV Radar Antenna,1377.99.0744,elevation,77.0,-54.0,-11.556,-9.403,H+S_1377_99_0744_EN.PDF.PDF
SENCITY FARAD-IV Radar Antenna,1377.99.0744,elevation,77.0,-53.5,-10.816,-9.388,H+S_1377_99_0744_EN.PDF.PDF
SENCITY FARAD-IV Radar Antenna,1377.99.0744,elevation,77.0,-53.0,-10.222,-8.979,H+S_1377_99_0744_EN.PDF.PDF
SENCITY FARAD-IV Radar Antenna,1377.99.0744,elevation,77.0,-52.5,-9.640,-8.356,H+S_1377_99_0744_EN.PDF.PDF
SENCITY FARAD-IV Radar Antenna,1377.99.0744,elevation,77.0,-52.0,-8.900,-7.646,H+S_1377_99_0744_EN.PDF.PDF
SENCITY FARAD-IV Radar Antenna,1377.99.0744,elevation,77.0,-51.5,-8.434,-7.176,H+S_1377_99_0744_EN.PDF.PDF
SENCITY FARAD-IV Radar Antenna,1377.99.0744,elevation,77.0,-51.0,-8.243,-6.779,H+S_1377_99_0744_EN.PDF.PDF
SENCITY FARAD-IV Radar Antenna,1377.99.0744,elevation,77.0,-50.5,-8.360,-6.712,H+S_1377_99_0744_EN.PDF.PDF
SENCITY FARAD-IV Radar Antenna,1377.99.0744,elevation,77.0,-50.0,-8.552,-6.840,H+S_1377_99_0744_EN.PDF.PDF
SENCITY FARAD-IV Radar Antenna,1377.99.0744,elevation,77.0,-49.5,-8.763,-7.051,H+S_1377_99_0744_EN.PDF.PDF
SENCITY FARAD-IV Radar Antenna,1377.99.0744,elevation,77.0,-49.0,-9.014,-7.266,H+S_1377_99_0744_EN.PDF.PDF
SENCITY FARAD-IV Radar Antenna,1377.99.0744,elevation,77.0,-48.5,-9.141,-7.604,H+S_1377_99_0744_EN.PDF.PDF
SENCITY FARAD-IV Radar Antenna,1377.99.0744,elevation,77.0,-48.0,-9.234,-8.032,H+S_1377_99_0744_EN.PDF.PDF
SENCITY FARAD-IV Radar Antenna,1377.99.0744,elevation,77.0,-47.5,-9.217,-8.488,H+S_1377_99_0744_EN.PDF.PDF
SENCITY FARAD-IV Radar Antenna,1377.99.0744,elevation,77.0,-47.0,-8.933,-8.869,H+S_1377_99_0744_EN.PDF.PDF
SENCITY FARAD-IV Radar Antenna,1377.99.0744,elevation,77.0,-46.5,-8.463,-9.074,H+S_1377_99_0744_EN.PDF.PDF
SENCITY FARAD-IV Radar Antenna,1377.99.0744,elevation,77.0,-46.0,-7.878,-8.718,H+S_1377_99_0744_EN.PDF.PDF
SENCITY FARAD-IV Radar Antenna,1377.99.0744,elevation,77.0,-45.5,-7.871,-8.207,H+S_1377_99_0744_EN.PDF.PDF
SENCITY FARAD-IV Radar Antenna,1377.99.0744,elevation,77.0,-45.0,-7.919,-7.642,H+S_1377_99_0744_EN.PDF.PDF
SENCITY FARAD-IV Radar Antenna,1377.99.0744,elevation,77.0,-44.5,-7.967,-7.415,H+S_1377_99_0744_EN.PDF.PDF
SENCITY FARAD-IV Radar Antenna,1377.99.0744,elevation,77.0,-44.0,-8.014,-7.761,H+S_1377_99_0744_EN.PDF.PDF
SENCITY FARAD-IV Radar Antenna,1377.99.0744,elevation,77.0,-43.5,-8.062,-8.341,H+S_1377_99_0744_EN.PDF.PDF
SENCITY FARAD-IV Radar Antenna,1377.99.0744,elevation,77.0,-43.0,-8.149,-9.044,H+S_1377_99_0744_EN.PDF.PDF
SENCITY FARAD-IV Radar Antenna,1377.99.0744,elevation,77.0,-42.5,-8.689,-9.455,H+S_1377_99_0744_EN.PDF.PDF
SENCITY FARAD-IV Radar Antenna,1377.99.0744,elevation,77.0,-42.0,-8.441,-9.676,H+S_1377_99_0744_EN.PDF.PDF
SENCITY FARAD-IV Radar Antenna,1377.99.0744,elevation,77.0,-41.5,-8.157,-9.713,H+S_1377_99_0744_EN.PDF.PDF
SENCITY FARAD-IV Radar Antenna,1377.99.0744,elevation,77.0,-41.0,-7.862,-9.862,H+S_1377_99_0744_EN.PDF.PDF
SENCITY FARAD-IV Radar Antenna,1377.99.0744,elevation,77.0,-40.5,-7.717,-10.190,H+S_1377_99_0744_EN.PDF.PDF
SENCITY FARAD-IV Radar Antenna,1377.99.0744,elevation,77.0,-40.0,-8.031,-10.650,H+S_1377_99_0744_EN.PDF.PDF
SENCITY FARAD-IV Radar Antenna,1377.99.0744,elevation,77.0,-39.5,-8.465,-11.122,H+S_1377_99_0744_EN.PDF.PDF
SENCITY FARAD-IV Radar Antenna,1377.99.0744,elevation,77.0,-39.0,-9.131,-11.670,H+S_1377_99_0744_EN.PDF.PDF
SENCITY FARAD-IV Radar Antenna,1377.99.0744,elevation,77.0,-38.5,-9.786,-12.264,H+S_1377_99_0744_EN.PDF.PDF
SENCITY FARAD-IV Radar Antenna,1377.99.0744,elevation,77.0,-38.0,-10.448,-13.013,H+S_1377_99_0744_EN.PDF.PDF
SENCITY FARAD-IV Radar Antenna,1377.99.0744,elevation,77.0,-37.5,-11.004,-14.035,H+S_1377_99_0744_EN.PDF.PDF
SENCITY FARAD-IV Radar Antenna,1377.99.0744,elevation,77.0,-37.0,-11.411,-15.140,H+S_1377_99_0744_EN.PDF.PDF
SENCITY FARAD-IV Radar Antenna,1377.99.0744,elevation,77.0,-36.5,-11.711,-15.810,H+S_1377_99_0744_EN.PDF.PDF
SENCITY FARAD-IV Radar Antenna,1377.99.0744,elevation,77.0,-36.0,-12.086,-15.414,H+S_1377_99_0744_EN.PDF.PDF
SENCITY FARAD-IV Radar Antenna,1377.99.0744,elevation,77.0,-35.5,-12.627,-14.745,H+S_1377_99_0744_EN.PDF.PDF
SENCITY FARAD-IV Radar Antenna,1377.99.0744,elevation,77.0,-35.0,-13.176,-13.851,H+S_1377_99_0744_EN.PDF.PDF
SENCITY FARAD-IV Radar Antenna,1377.99.0744,elevation,77.0,-34.5,-16.580,-14.265,H+S_1377_99_0744_EN.PDF.PDF
SENCITY FARAD-IV Radar Antenna,1377.99.0744,elevation,77.0,-34.0,-18.192,-15.115,H+S_1377_99_0744_EN.PDF.PDF
SENCITY FARAD-IV Radar Antenna,1377.99.0744,elevation,77.0,-33.5,-19.373,-16.399,H+S_1377_99_0744_EN.PDF.PDF
SENCITY FARAD-IV Radar Antenna,1377.99.0744,elevation,77.0,-33.0,-19.592,-17.345,H+S_1377_99_0744_EN.PDF.PDF
SENCITY FARAD-IV Radar Antenna,1377.99.0744,elevation,77.0,-32.5,-19.505,-17.960,H+S_1377_99_0744_EN.PDF.PDF
SENCITY FARAD-IV Radar Antenna,1377.99.0744,elevation,77.0,-32.0,-19.573,-17.995,H+S_1377_99_0744_EN.PDF.PDF
SENCITY FARAD-IV Radar Antenna,1377.99.0744,elevation,77.0,-31.5,-19.189,-17.791,H+S_1377_99_0744_EN.PDF.PDF
SENCITY FARAD-IV Radar Antenna,1377.99.0744,elevation,77.0,-31.0,-18.616,-17.079,H+S_1377_99_0744_EN.PDF.PDF
SENCITY FARAD-IV Radar Antenna,1377.99.0744,elevation,77.0,-30.5,-13.096,-15.935,H+S_1377_99_0744_EN.PDF.PDF
SENCITY FARAD-IV Radar Antenna,1377.99.0744,elevation,77.0,-30.0,-10.740,-14.601,H+S_1377_99_0744_EN.PDF.PDF
SENCITY FARAD-IV Radar Antenna,1377.99.0744,elevation,77.0,-29.5,-9.366,-12.779,H+S_1377_99_0744_EN.PDF.PDF
SENCITY FARAD-IV Radar Antenna,1377.99.0744,elevation,77.0,-29.0,-7.955,-11.336,H+S_1377_99_0744_EN.PDF.PDF
SENCITY FARAD-IV Radar Antenna,1377.99.0744,elevation,77.0,-28.5,-6.781,-10.258,H+S_1377_99_0744_EN.PDF.PDF
SENCITY FARAD-IV Radar Antenna,1377.99.0744,elevation,77.0,-28.0,-6.288,-9.135,H+S_1377_99_0744_EN.PDF.PDF
SENCITY FARAD-IV Radar Antenna,1377.99.0744,elevation,77.0,-27.5,-6.078,-8.049,H+S_1377_99_0744_EN.PDF.PDF
SENCITY FARAD-IV Radar Antenna,1377.99.0744,elevation,77.0,-27.0,-5.620,-7.023,H+S_1377_99_0744_EN.PDF.PDF
SENCITY FARAD-IV Radar Antenna,1377.99.0744,elevation,77.0,-26.5,-4.886,-6.115,H+S_1377_99_0744_EN.PDF.PDF
SENCITY FARAD-IV Radar Antenna,1377.99.0744,elevation,77.0,-26.0,-4.084,-5.304,H+S_1377_99_0744_EN.PDF.PDF
SENCITY FARAD-IV Radar Antenna,1377.99.0744,elevation,77.0,-25.5,-3.310,-4.554,H+S_1377_99_0744_EN.PDF.PDF
SENCITY FARAD-IV Radar Antenna,1377.99.0744,elevation,77.0,-25.0,-2.725,-3.851,H+S_1377_99_0744_EN.PDF.PDF
SENCITY FARAD-IV Radar Antenna,1377.99.0744,elevation,77.0,-24.5,-2.205,-3.144,H+S_1377_99_0744_EN.PDF.PDF
SENCITY FARAD-IV Radar Antenna,1377.99.0744,elevation,77.0,-24.0,-2.032,-2.718,H+S_1377_99_0744_EN.PDF.PDF
SENCITY FARAD-IV Radar Antenna,1377.99.0744,elevation,77.0,-23.5,-1.982,-2.645,H+S_1377_99_0744_EN.PDF.PDF
SENCITY FARAD-IV Radar Antenna,1377.99.0744,elevation,77.0,-23.0,-1.982,-2.843,H+S_1377_99_0744_EN.PDF.PDF
SENCITY FARAD-IV Radar Antenna,1377.99.0744,elevation,77.0,-22.5,-1.902,-2.920,H+S_1377_99_0744_EN.PDF.PDF
SENCITY FARAD-IV Radar Antenna,1377.99.0744,elevation,77.0,-22.0,-1.366,-2.526,H+S_1377_99_0744_EN.PDF.PDF
SENCITY FARAD-IV Radar Antenna,1377.99.0744,elevation,77.0,-21.5,-0.571,-1.827,H+S_1377_99_0744_EN.PDF.PDF
SENCITY FARAD-IV Radar Antenna,1377.99.0744,elevation,77.0,-21.0,-0.014,-0.977,H+S_1377_99_0744_EN.PDF.PDF
SENCITY FARAD-IV Radar Antenna,1377.99.0744,elevation,77.0,-20.5,0.168,-0.408,H+S_1377_99_0744_EN.PDF.PDF
SENCITY FARAD-IV Radar Antenna,1377.99.0744,elevation,77.0,-20.0,0.270,-0.412,H+S_1377_99_0744_EN.PDF.PDF
SENCITY FARAD-IV Radar Antenna,1377.99.0744,elevation,77.0,-19.5,0.199,-0.577,H+S_1377_99_0744_EN.PDF.PDF
SENCITY FARAD-IV Radar Antenna,1377.99.0744,elevation,77.0,-19.0,0.337,-0.755,H+S_1377_99_0744_EN.PDF.PDF
SENCITY FARAD-IV Radar Antenna,1377.99.0744,elevation,77.0,-18.5,0.780,-0.395,H+S_1377_99_0744_EN.PDF.PDF
SENCITY FARAD-IV Radar Antenna,1377.99.0744,elevation,77.0,-18.0,1.377,0.030,H+S_1377_99_0744_EN.PDF.PDF
SENCITY FARAD-IV Radar Antenna,1377.99.0744,elevation,77.0,-17.5,2.050,0.698,H+S_1377_99_0744_EN.PDF.PDF
SENCITY FARAD-IV Radar Antenna,1377.99.0744,elevation,77.0,-17.0,2.628,1.393,H+S_1377_99_0744_EN.PDF.PDF
SENCITY FARAD-IV Radar Antenna,1377.99.0744,elevation,77.0,-16.5,3.267,1.942,H+S_1377_99_0744_EN.PDF.PDF
SENCITY FARAD-IV Radar Antenna,1377.99.0744,elevation,77.0,-16.0,3.909,2.569,H+S_1377_99_0744_EN.PDF.PDF
SENCITY FARAD-IV Radar Antenna,1377.99.0744,elevation,77.0,-15.5,4.534,3.219,H+S_1377_99_0744_EN.PDF.PDF
SENCITY FARAD-IV Radar Antenna,1377.99.0744,elevation,77.0,-15.0,5.251,3.900,H+S_1377_99_0744_EN.PDF.PDF
SENCITY FARAD-IV Radar Antenna,1377.99.0744,elevation,77.0,-14.5,5.869,4.587,H+S_1377_99_0744_EN.PDF.PDF
SENCITY FARAD-IV Radar Antenna,1377.99.0744,elevation,77.0,-14.0,6.541,5.225,H+S_1377_99_0744_EN.PDF.PDF
SENCITY FARAD-IV Radar Antenna,1377.99.0744,elevation,77.0,-13.5,7.215,5.838,H+S_1377_99_0744_EN.PDF.PDF
SENCITY FARAD-IV Radar Antenna,1377.99.0744,elevation,77.0,-13.0,7.833,6.527,H+S_1377_99_0744_EN.PDF.PDF
SENCITY FARAD-IV Radar Antenna,1377.99.0744,elevation,77.0,-12.5,8.528,7.227,H+S_1377_99_0744_EN.PDF.PDF
SENCITY FARAD-IV Radar Antenna,1377.99.0744,elevation,77.0,-12.0,9.044,7.828,H+S_1377_99_0744_EN.PDF.PDF
SENCITY FARAD-IV Radar Antenna,1377.99.0744,elevation,77.0,-11.5,9.565,8.464,H+S_1377_99_0744_EN.PDF.PDF
SENCITY FARAD-IV Radar Antenna,1377.99.0744,elevation,77.0,-11.0,10.066,8.940,H+S_1377_99_0744_EN.PDF.PDF
SENCITY FARAD-IV Radar Antenna,1377.99.0744,elevation,77.0,-10.5,10.597,9.450,H+S_1377_99_0744_EN.PDF.PDF
SENCITY FARAD-IV Radar Antenna,1377.99.0744,elevation,77.0,-10.0,11.165,9.949,H+S_1377_99_0744_EN.PDF.PDF
SENCITY FARAD-IV Radar Antenna,1377.99.0744,elevation,77.0,-9.5,11.559,10.478,H+S_1377_99_0744_EN.PDF.PDF
SENCITY FARAD-IV Radar Antenna,1377.99.0744,elevation,77.0,-9.0,12.062,11.116,H+S_1377_99_0744_EN.PDF.PDF
SENCITY FARAD-IV Radar Antenna,1377.99.0744,elevation,77.0,-8.5,12.449,11.620,H+S_1377_99_0744_EN.PDF.PDF
SENCITY FARAD-IV Radar Antenna,1377.99.0744,elevation,77.0,-8.0,12.833,12.112,H+S_1377_99_0744_EN.PDF.PDF
SENCITY FARAD-IV Radar Antenna,1377.99.0744,elevation,77.0,-7.5,13.240,12.540,H+S_1377_99_0744_EN.PDF.PDF
SENCITY FARAD-IV Radar Antenna,1377.99.0744,elevation,77.0,-7.0,13.568,12.923,H+S_1377_99_0744_EN.PDF.PDF
SENCITY FARAD-IV Radar Antenna,1377.99.0744,elevation,77.0,-6.5,13.841,13.301,H+S_1377_99_0744_EN.PDF.PDF
SENCITY FARAD-IV Radar Antenna,1377.99.0744,elevation,77.0,-6.0,14.097,13.555,H+S_1377_99_0744_EN.PDF.PDF
SENCITY FARAD-IV Radar Antenna,1377.99.0744,elevation,77.0,-5.5,14.271,13.775,H+S_1377_99_0744_EN.PDF.PDF
SENCITY FARAD-IV Radar Antenna,1377.99.0744,elevation,77.0,-5.0,14.488,13.977,H+S_1377_99_0744_EN.PDF.PDF
SENCITY FARAD-IV Radar Antenna,1377.99.0744,elevation,77.0,-4.5,14.704,14.142,H+S_1377_99_0744_EN.PDF.PDF
SENCITY FARAD-IV Radar Antenna,1377.99.0744,elevation,77.0,-4.0,14.879,14.338,H+S_1377_99_0744_EN.PDF.PDF
SENCITY FARAD-IV Radar Antenna,1377.99.0744,elevation,77.0,-3.5,15.014,14.563,H+S_1377_99_0744_EN.PDF.PDF
SENCITY FARAD-IV Radar Antenna,1377.99.0744,elevation,77.0,-3.0,15.135,14.728,H+S_1377_99_0744_EN.PDF.PDF
SENCITY FARAD-IV Radar Antenna,1377.99.0744,elevation,77.0,-2.5,15.139,14.849,H+S_1377_99_0744_EN.PDF.PDF
SENCITY FARAD-IV Radar Antenna,1377.99.0744,elevation,77.0,-2.0,14.999,14.910,H+S_1377_99_0744_EN.PDF.PDF
SENCITY FARAD-IV Radar Antenna,1377.99.0744,elevation,77.0,-1.5,14.858,14.955,H+S_1377_99_0744_EN.PDF.PDF
SENCITY FARAD-IV Radar Antenna,1377.99.0744,elevation,77.0,-1.0,14.718,15.045,H+S_1377_99_0744_EN.PDF.PDF
SENCITY FARAD-IV Radar Antenna,1377.99.0744,elevation,77.0,-0.5,14.671,15.045,H+S_1377_99_0744_EN.PDF.PDF
SENCITY FARAD-IV Radar Antenna,1377.99.0744,elevation,77.0,0.0,14.653,15.045,H+S_1377_99_0744_EN.PDF.PDF
SENCITY FARAD-IV Radar Antenna,1377.99.0744,elevation,77.0,0.5,14.634,15.090,H+S_1377_99_0744_EN.PDF.PDF
SENCITY FARAD-IV Radar Antenna,1377.99.0744,elevation,77.0,1.0,14.616,15.000,H+S_1377_99_0744_EN.PDF.PDF
SENCITY FARAD-IV Radar Antenna,1377.99.0744,elevation,77.0,1.5,14.598,14.954,H+S_1377_99_0744_EN.PDF.PDF
SENCITY FARAD-IV Radar Antenna,1377.99.0744,elevation,77.0,2.0,14.489,14.865,H+S_1377_99_0744_EN.PDF.PDF
SENCITY FARAD-IV Radar Antenna,1377.99.0744,elevation,77.0,2.5,14.361,14.804,H+S_1377_99_0744_EN.PDF.PDF
SENCITY FARAD-IV Radar Antenna,1377.99.0744,elevation,77.0,3.0,14.323,14.684,H+S_1377_99_0744_EN.PDF.PDF
SENCITY FARAD-IV Radar Antenna,1377.99.0744,elevation,77.0,3.5,14.100,14.511,H+S_1377_99_0744_EN.PDF.PDF
SENCITY FARAD-IV Radar Antenna,1377.99.0744,elevation,77.0,4.0,13.876,14.338,H+S_1377_99_0744_EN.PDF.PDF
SENCITY FARAD-IV Radar Antenna,1377.99.0744,elevation,77.0,4.5,13.647,14.097,H+S_1377_99_0744_EN.PDF.PDF
SENCITY FARAD-IV Radar Antenna,1377.99.0744,elevation,77.0,5.0,13.346,13.887,H+S_1377_99_0744_EN.PDF.PDF
SENCITY FARAD-IV Radar Antenna,1377.99.0744,elevation,77.0,5.5,13.001,13.586,H+S_1377_99_0744_EN.PDF.PDF
SENCITY FARAD-IV Radar Antenna,1377.99.0744,elevation,77.0,6.0,12.654,13.284,H+S_1377_99_0744_EN.PDF.PDF
SENCITY FARAD-IV Radar Antenna,1377.99.0744,elevation,77.0,6.5,12.283,12.901,H+S_1377_99_0744_EN.PDF.PDF
SENCITY FARAD-IV Radar Antenna,1377.99.0744,elevation,77.0,7.0,11.919,12.550,H+S_1377_99_0744_EN.PDF.PDF
SENCITY FARAD-IV Radar Antenna,1377.99.0744,elevation,77.0,7.5,11.549,12.180,H+S_1377_99_0744_EN.PDF.PDF
SENCITY FARAD-IV Radar Antenna,1377.99.0744,elevation,77.0,8.0,11.121,11.768,H+S_1377_99_0744_EN.PDF.PDF
SENCITY FARAD-IV Radar Antenna,1377.99.0744,elevation,77.0,8.5,10.648,11.323,H+S_1377_99_0744_EN.PDF.PDF
SENCITY FARAD-IV Radar Antenna,1377.99.0744,elevation,77.0,9.0,10.176,10.938,H+S_1377_99_0744_EN.PDF.PDF
SENCITY FARAD-IV Radar Antenna,1377.99.0744,elevation,77.0,9.5,9.707,10.467,H+S_1377_99_0744_EN.PDF.PDF
SENCITY FARAD-IV Radar Antenna,1377.99.0744,elevation,77.0,10.0,9.041,10.006,H+S_1377_99_0744_EN.PDF.PDF
SENCITY FARAD-IV Radar Antenna,1377.99.0744,elevation,77.0,10.5,8.532,9.245,H+S_1377_99_0744_EN.PDF.PDF
SENCITY FARAD-IV Radar Antenna,1377.99.0744,elevation,77.0,11.0,8.052,8.652,H+S_1377_99_0744_EN.PDF.PDF
SENCITY FARAD-IV Radar Antenna,1377.99.0744,elevation,77.0,11.5,7.572,8.003,H+S_1377_99_0744_EN.PDF.PDF
SENCITY FARAD-IV Radar Antenna,1377.99.0744,elevation,77.0,12.0,7.092,7.372,H+S_1377_99_0744_EN.PDF.PDF
SENCITY FARAD-IV Radar Antenna,1377.99.0744,elevation,77.0,12.5,6.612,6.696,H+S_1377_99_0744_EN.PDF.PDF
SENCITY FARAD-IV Radar Antenna,1377.99.0744,elevation,77.0,13.0,6.132,6.085,H+S_1377_99_0744_EN.PDF.PDF
SENCITY FARAD-IV Radar Antenna,1377.99.0744,elevation,77.0,13.5,5.652,5.413,H+S_1377_99_0744_EN.PDF.PDF
SENCITY FARAD-IV Radar Antenna,1377.99.0744,elevation,77.0,14.0,5.171,4.802,H+S_1377_99_0744_EN.PDF.PDF
SENCITY FARAD-IV Radar Antenna,1377.99.0744,elevation,77.0,14.5,4.691,4.160,H+S_1377_99_0744_EN.PDF.PDF
SENCITY FARAD-IV Radar Antenna,1377.99.0744,elevation,77.0,15.0,4.211,3.314,H+S_1377_99_0744_EN.PDF.PDF
SENCITY FARAD-IV Radar Antenna,1377.99.0744,elevation,77.0,15.5,3.610,2.674,H+S_1377_99_0744_EN.PDF.PDF
SENCITY FARAD-IV Radar Antenna,1377.99.0744,elevation,77.0,16.0,2.950,2.040,H+S_1377_99_0744_EN.PDF.PDF
SENCITY FARAD-IV Radar Antenna,1377.99.0744,elevation,77.0,16.5,2.290,1.427,H+S_1377_99_0744_EN.PDF.PDF
SENCITY FARAD-IV Radar Antenna,1377.99.0744,elevation,77.0,17.0,1.630,0.853,H+S_1377_99_0744_EN.PDF.PDF
SENCITY FARAD-IV Radar Antenna,1377.99.0744,elevation,77.0,17.5,1.104,0.327,H+S_1377_99_0744_EN.PDF.PDF
SENCITY FARAD-IV Radar Antenna,1377.99.0744,elevation,77.0,18.0,0.983,-0.102,H+S_1377_99_0744_EN.PDF.PDF
SENCITY FARAD-IV Radar Antenna,1377.99.0744,elevation,77.0,18.5,0.773,-0.443,H+S_1377_99_0744_EN.PDF.PDF
SENCITY FARAD-IV Radar Antenna,1377.99.0744,elevation,77.0,19.0,0.382,-0.834,H+S_1377_99_0744_EN.PDF.PDF
SENCITY FARAD-IV Radar Antenna,1377.99.0744,elevation,77.0,19.5,-0.017,-0.999,H+S_1377_99_0744_EN.PDF.PDF
SENCITY FARAD-IV Radar Antenna,1377.99.0744,elevation,77.0,20.0,-0.328,-1.126,H+S_1377_99_0744_EN.PDF.PDF
SENCITY FARAD-IV Radar Antenna,1377.99.0744,elevation,77.0,20.5,-0.654,-1.183,H+S_1377_99_0744_EN.PDF.PDF
SENCITY FARAD-IV Radar Antenna,1377.99.0744,elevation,77.0,21.0,-1.734,-1.311,H+S_1377_99_0744_EN.PDF.PDF
SENCITY FARAD-IV Radar Antenna,1377.99.0744,elevation,77.0,21.5,-2.069,-1.526,H+S_1377_99_0744_EN.PDF.PDF
SENCITY FARAD-IV Radar Antenna,1377.99.0744,elevation,77.0,22.0,-2.402,-1.861,H+S_1377_99_0744_EN.PDF.PDF
SENCITY FARAD-IV Radar Antenna,1377.99.0744,elevation,77.0,22.5,-2.667,-2.127,H+S_1377_99_0744_EN.PDF.PDF
SENCITY FARAD-IV Radar Antenna,1377.99.0744,elevation,77.0,23.0,-3.053,-2.402,H+S_1377_99_0744_EN.PDF.PDF
SENCITY FARAD-IV Radar Antenna,1377.99.0744,elevation,77.0,23.5,-3.449,-2.818,H+S_1377_99_0744_EN.PDF.PDF
SENCITY FARAD-IV Radar Antenna,1377.99.0744,elevation,77.0,24.0,-3.905,-3.174,H+S_1377_99_0744_EN.PDF.PDF
SENCITY FARAD-IV Radar Antenna,1377.99.0744,elevation,77.0,24.5,-4.495,-3.685,H+S_1377_99_0744_EN.PDF.PDF
SENCITY FARAD-IV Radar Antenna,1377.99.0744,elevation,77.0,25.0,-5.255,-4.286,H+S_1377_99_0744_EN.PDF.PDF
SENCITY FARAD-IV Radar Antenna,1377.99.0744,elevation,77.0,25.5,-6.175,-4.999,H+S_1377_99_0744_EN.PDF.PDF
SENCITY FARAD-IV Radar Antenna,1377.99.0744,elevation,77.0,26.0,-7.094,-5.758,H+S_1377_99_0744_EN.PDF.PDF
SENCITY FARAD-IV Radar Antenna,1377.99.0744,elevation,77.0,26.5,-8.014,-6.579,H+S_1377_99_0744_EN.PDF.PDF
SENCITY FARAD-IV Radar Antenna,1377.99.0744,elevation,77.0,27.0,-9.275,-7.557,H+S_1377_99_0744_EN.PDF.PDF
SENCITY FARAD-IV Radar Antenna,1377.99.0744,elevation,77.0,27.5,-10.573,-8.504,H+S_1377_99_0744_EN.PDF.PDF
SENCITY FARAD-IV Radar Antenna,1377.99.0744,elevation,77.0,28.0,-12.126,-9.640,H+S_1377_99_0744_EN.PDF.PDF
SENCITY FARAD-IV Radar Antenna,1377.99.0744,elevation,77.0,28.5,-13.513,-10.815,H+S_1377_99_0744_EN.PDF.PDF
SENCITY FARAD-IV Radar Antenna,1377.99.0744,elevation,77.0,29.0,-15.112,-12.391,H+S_1377_99_0744_EN.PDF.PDF
SENCITY FARAD-IV Radar Antenna,1377.99.0744,elevation,77.0,29.5,-16.108,-14.889,H+S_1377_99_0744_EN.PDF.PDF
SENCITY FARAD-IV Radar Antenna,1377.99.0744,elevation,77.0,30.0,-16.656,-17.014,H+S_1377_99_0744_EN.PDF.PDF
SENCITY FARAD-IV Radar Antenna,1377.99.0744,elevation,77.0,30.5,-17.203,-18.904,H+S_1377_99_0744_EN.PDF.PDF
SENCITY FARAD-IV Radar Antenna,1377.99.0744,elevation,77.0,31.0,-16.880,-19.764,H+S_1377_99_0744_EN.PDF.PDF
SENCITY FARAD-IV Radar Antenna,1377.99.0744,elevation,77.0,31.5,-16.428,-19.728,H+S_1377_99_0744_EN.PDF.PDF
SENCITY FARAD-IV Radar Antenna,1377.99.0744,elevation,77.0,32.0,-16.060,-19.691,H+S_1377_99_0744_EN.PDF.PDF
SENCITY FARAD-IV Radar Antenna,1377.99.0744,elevation,77.0,32.5,-15.708,-18.551,H+S_1377_99_0744_EN.PDF.PDF
SENCITY FARAD-IV Radar Antenna,1377.99.0744,elevation,77.0,33.0,-15.257,-17.004,H+S_1377_99_0744_EN.PDF.PDF
SENCITY FARAD-IV Radar Antenna,1377.99.0744,elevation,77.0,33.5,-14.673,-14.690,H+S_1377_99_0744_EN.PDF.PDF
SENCITY FARAD-IV Radar Antenna,1377.99.0744,elevation,77.0,34.0,-14.089,-12.444,H+S_1377_99_0744_EN.PDF.PDF
SENCITY FARAD-IV Radar Antenna,1377.99.0744,elevation,77.0,34.5,-13.499,-11.532,H+S_1377_99_0744_EN.PDF.PDF
SENCITY FARAD-IV Radar Antenna,1377.99.0744,elevation,77.0,35.0,-13.041,-10.901,H+S_1377_99_0744_EN.PDF.PDF
SENCITY FARAD-IV Radar Antenna,1377.99.0744,elevation,77.0,35.5,-12.657,-10.706,H+S_1377_99_0744_EN.PDF.PDF
SENCITY FARAD-IV Radar Antenna,1377.99.0744,elevation,77.0,36.0,-12.176,-10.676,H+S_1377_99_0744_EN.PDF.PDF
SENCITY FARAD-IV Radar Antenna,1377.99.0744,elevation,77.0,36.5,-11.620,-10.539,H+S_1377_99_0744_EN.PDF.PDF
SENCITY FARAD-IV Radar Antenna,1377.99.0744,elevation,77.0,37.0,-11.109,-10.194,H+S_1377_99_0744_EN.PDF.PDF
SENCITY FARAD-IV Radar Antenna,1377.99.0744,elevation,77.0,37.5,-10.613,-9.667,H+S_1377_99_0744_EN.PDF.PDF
SENCITY FARAD-IV Radar Antenna,1377.99.0744,elevation,77.0,38.0,-10.179,-9.097,H+S_1377_99_0744_EN.PDF.PDF
SENCITY FARAD-IV Radar Antenna,1377.99.0744,elevation,77.0,38.5,-9.955,-8.493,H+S_1377_99_0744_EN.PDF.PDF
SENCITY FARAD-IV Radar Antenna,1377.99.0744,elevation,77.0,39.0,-9.811,-7.796,H+S_1377_99_0744_EN.PDF.PDF
SENCITY FARAD-IV Radar Antenna,1377.99.0744,elevation,77.0,39.5,-9.591,-7.204,H+S_1377_99_0744_EN.PDF.PDF
SENCITY FARAD-IV Radar Antenna,1377.99.0744,elevation,77.0,40.0,-9.163,-6.898,H+S_1377_99_0744_EN.PDF.PDF
SENCITY FARAD-IV Radar Antenna,1377.99.0744,elevation,77.0,40.5,-8.704,-6.757,H+S_1377_99_0744_EN.PDF.PDF
SENCITY FARAD-IV Radar Antenna,1377.99.0744,elevation,77.0,41.0,-8.352,-7.053,H+S_1377_99_0744_EN.PDF.PDF
SENCITY FARAD-IV Radar Antenna,1377.99.0744,elevation,77.0,41.5,-8.153,-7.392,H+S_1377_99_0744_EN.PDF.PDF
SENCITY FARAD-IV Radar Antenna,1377.99.0744,elevation,77.0,42.0,-7.856,-7.739,H+S_1377_99_0744_EN.PDF.PDF
SENCITY FARAD-IV Radar Antenna,1377.99.0744,elevation,77.0,42.5,-7.431,-7.883,H+S_1377_99_0744_EN.PDF.PDF
SENCITY FARAD-IV Radar Antenna,1377.99.0744,elevation,77.0,43.0,-7.472,-7.669,H+S_1377_99_0744_EN.PDF.PDF
SENCITY FARAD-IV Radar Antenna,1377.99.0744,elevation,77.0,43.5,-7.599,-7.260,H+S_1377_99_0744_EN.PDF.PDF
SENCITY FARAD-IV Radar Antenna,1377.99.0744,elevation,77.0,44.0,-7.568,-6.958,H+S_1377_99_0744_EN.PDF.PDF
SENCITY FARAD-IV Radar Antenna,1377.99.0744,elevation,77.0,44.5,-7.692,-6.802,H+S_1377_99_0744_EN.PDF.PDF
SENCITY FARAD-IV Radar Antenna,1377.99.0744,elevation,77.0,45.0,-7.857,-6.856,H+S_1377_99_0744_EN.PDF.PDF
SENCITY FARAD-IV Radar Antenna,1377.99.0744,elevation,77.0,45.5,-8.063,-6.984,H+S_1377_99_0744_EN.PDF.PDF
SENCITY FARAD-IV Radar Antenna,1377.99.0744,elevation,77.0,46.0,-7.983,-7.197,H+S_1377_99_0744_EN.PDF.PDF
SENCITY FARAD-IV Radar Antenna,1377.99.0744,elevation,77.0,46.5,-7.895,-7.362,H+S_1377_99_0744_EN.PDF.PDF
SENCITY FARAD-IV Radar Antenna,1377.99.0744,elevation,77.0,47.0,-7.162,-7.733,H+S_1377_99_0744_EN.PDF.PDF
SENCITY FARAD-IV Radar Antenna,1377.99.0744,elevation,77.0,47.5,-7.144,-8.116,H+S_1377_99_0744_EN.PDF.PDF
SENCITY FARAD-IV Radar Antenna,1377.99.0744,elevation,77.0,48.0,-6.972,-8.544,H+S_1377_99_0744_EN.PDF.PDF
SENCITY FARAD-IV Radar Antenna,1377.99.0744,elevation,77.0,48.5,-6.985,-8.877,H+S_1377_99_0744_EN.PDF.PDF
SENCITY FARAD-IV Radar Antenna,1377.99.0744,elevation,77.0,49.0,-7.158,-9.054,H+S_1377_99_0744_EN.PDF.PDF
SENCITY FARAD-IV Radar Antenna,1377.99.0744,elevation,77.0,49.5,-7.409,-8.853,H+S_1377_99_0744_EN.PDF.PDF
SENCITY FARAD-IV Radar Antenna,1377.99.0744,elevation,77.0,50.0,-7.664,-8.578,H+S_1377_99_0744_EN.PDF.PDF
SENCITY FARAD-IV Radar Antenna,1377.99.0744,elevation,77.0,50.5,-7.819,-8.342,H+S_1377_99_0744_EN.PDF.PDF
SENCITY FARAD-IV Radar Antenna,1377.99.0744,elevation,77.0,51.0,-8.580,-8.153,H+S_1377_99_0744_EN.PDF.PDF
SENCITY FARAD-IV Radar Antenna,1377.99.0744,elevation,77.0,51.5,-8.799,-8.385,H+S_1377_99_0744_EN.PDF.PDF
SENCITY FARAD-IV Radar Antenna,1377.99.0744,elevation,77.0,52.0,-8.956,-8.723,H+S_1377_99_0744_EN.PDF.PDF
SENCITY FARAD-IV Radar Antenna,1377.99.0744,elevation,77.0,52.5,-9.113,-9.122,H+S_1377_99_0744_EN.PDF.PDF
SENCITY FARAD-IV Radar Antenna,1377.99.0744,elevation,77.0,53.0,-9.270,-9.546,H+S_1377_99_0744_EN.PDF.PDF
SENCITY FARAD-IV Radar Antenna,1377.99.0744,elevation,77.0,53.5,-9.427,-9.967,H+S_1377_99_0744_EN.PDF.PDF
SENCITY FARAD-IV Radar Antenna,1377.99.0744,elevation,77.0,54.0,-9.618,-10.508,H+S_1377_99_0744_EN.PDF.PDF
SENCITY FARAD-IV Radar Antenna,1377.99.0744,elevation,77.0,54.5,-9.968,-11.192,H+S_1377_99_0744_EN.PDF.PDF
SENCITY FARAD-IV Radar Antenna,1377.99.0744,elevation,77.0,55.0,-10.389,-11.963,H+S_1377_99_0744_EN.PDF.PDF
SENCITY FARAD-IV Radar Antenna,1377.99.0744,elevation,77.0,55.5,-10.893,-12.650,H+S_1377_99_0744_EN.PDF.PDF
SENCITY FARAD-IV Radar Antenna,1377.99.0744,elevation,77.0,56.0,-11.505,-13.117,H+S_1377_99_0744_EN.PDF.PDF
SENCITY FARAD-IV Radar Antenna,1377.99.0744,elevation,77.0,56.5,-12.015,-13.294,H+S_1377_99_0744_EN.PDF.PDF
SENCITY FARAD-IV Radar Antenna,1377.99.0744,elevation,77.0,57.0,-12.264,-12.994,H+S_1377_99_0744_EN.PDF.PDF
SENCITY FARAD-IV Radar Antenna,1377.99.0744,elevation,77.0,57.5,-12.645,-12.358,H+S_1377_99_0744_EN.PDF.PDF
SENCITY FARAD-IV Radar Antenna,1377.99.0744,elevation,77.0,58.0,-12.880,-11.855,H+S_1377_99_0744_EN.PDF.PDF
SENCITY FARAD-IV Radar Antenna,1377.99.0744,elevation,77.0,58.5,-13.258,-11.461,H+S_1377_99_0744_EN.PDF.PDF
SENCITY FARAD-IV Radar Antenna,1377.99.0744,elevation,77.0,59.0,-13.368,-10.998,H+S_1377_99_0744_EN.PDF.PDF
SENCITY FARAD-IV Radar Antenna,1377.99.0744,elevation,77.0,59.5,-12.962,-10.525,H+S_1377_99_0744_EN.PDF.PDF
SENCITY FARAD-IV Radar Antenna,1377.99.0744,elevation,77.0,60.0,-12.439,-10.039,H+S_1377_99_0744_EN.PDF.PDF
SENCITY FARAD-IV Radar Antenna,1377.99.0744,elevation,77.0,60.5,-11.921,-9.483,H+S_1377_99_0744_EN.PDF.PDF
SENCITY FARAD-IV Radar Antenna,1377.99.0744,elevation,77.0,61.0,-11.404,-8.882,H+S_1377_99_0744_EN.PDF.PDF
SENCITY FARAD-IV Radar Antenna,1377.99.0744,elevation,77.0,61.5,-10.893,-8.281,H+S_1377_99_0744_EN.PDF.PDF
SENCITY FARAD-IV Radar Antenna,1377.99.0744,elevation,77.0,62.0,-10.484,-7.843,H+S_1377_99_0744_EN.PDF.PDF
SENCITY FARAD-IV Radar Antenna,1377.99.0744,elevation,77.0,62.5,-10.249,-7.547,H+S_1377_99_0744_EN.PDF.PDF
SENCITY FARAD-IV Radar Antenna,1377.99.0744,elevation,77.0,63.0,-10.225,-7.419,H+S_1377_99_0744_EN.PDF.PDF
SENCITY FARAD-IV Radar Antenna,1377.99.0744,elevation,77.0,63.5,-10.225,-7.381,H+S_1377_99_0744_EN.PDF.PDF
SENCITY FARAD-IV Radar Antenna,1377.99.0744,elevation,77.0,64.0,-10.270,-7.342,H+S_1377_99_0744_EN.PDF.PDF
SENCITY FARAD-IV Radar Antenna,1377.99.0744,elevation,77.0,64.5,-10.225,-7.252,H+S_1377_99_0744_EN.PDF.PDF
SENCITY FARAD-IV Radar Antenna,1377.99.0744,elevation,77.0,65.0,-10.061,-7.104,H+S_1377_99_0744_EN.PDF.PDF
SENCITY FARAD-IV Radar Antenna,1377.99.0744,elevation,77.0,65.5,-9.822,-7.051,H+S_1377_99_0744_EN.PDF.PDF
SENCITY FARAD-IV Radar Antenna,1377.99.0744,elevation,77.0,66.0,-9.656,-7.041,H+S_1377_99_0744_EN.PDF.PDF
SENCITY FARAD-IV Radar Antenna,1377.99.0744,elevation,77.0,66.5,-9.550,-7.176,H+S_1377_99_0744_EN.PDF.PDF
SENCITY FARAD-IV Radar Antenna,1377.99.0744,elevation,77.0,67.0,-9.550,-7.431,H+S_1377_99_0744_EN.PDF.PDF
SENCITY FARAD-IV Radar Antenna,1377.99.0744,elevation,77.0,67.5,-9.759,-7.732,H+S_1377_99_0744_EN.PDF.PDF
SENCITY FARAD-IV Radar Antenna,1377.99.0744,elevation,77.0,68.0,-9.924,-8.062,H+S_1377_99_0744_EN.PDF.PDF
SENCITY FARAD-IV Radar Antenna,1377.99.0744,elevation,77.0,68.5,-10.202,-8.354,H+S_1377_99_0744_EN.PDF.PDF
SENCITY FARAD-IV Radar Antenna,1377.99.0744,elevation,77.0,69.0,-10.975,-10.163,H+S_1377_99_0744_EN.PDF.PDF
SENCITY FARAD-IV Radar Antenna,1377.99.0744,elevation,77.0,69.5,-11.614,-14.166,H+S_1377_99_0744_EN.PDF.PDF
SENCITY FARAD-IV Radar Antenna,1377.99.0744,elevation,77.0,70.0,-12.252,-14.550,H+S_1377_99_0744_EN.PDF.PDF
